threshold,true_positives,false_positives,false_negatives,true_negatives,precision,recall,fraud_dollars_captured,fraud_dollars_missed,review_cost,decision_cost
0.001,73,6709,6,38781,0.010763786493659687,0.9240506329113924,7567.2,671.0600000000001,33545.0,34216.06
0.003507537688442211,73,5030,6,40460,0.014305310601606898,0.9240506329113924,7567.2,671.0600000000001,25150.0,25821.06
0.006015075376884422,70,2234,9,43256,0.030381944444444444,0.8860759493670886,7358.420000000001,879.8399999999999,11170.0,12049.84
0.008522613065326633,70,1448,9,44042,0.0461133069828722,0.8860759493670886,7358.420000000001,879.8399999999999,7240.0,8119.84
0.011030150753768845,70,1323,9,44167,0.05025125628140704,0.8860759493670886,7358.420000000001,879.8399999999999,6615.0,7494.84
0.013537688442211055,69,963,10,44527,0.06686046511627906,0.8734177215189873,7357.500000000001,880.7599999999999,4815.0,5695.76
0.016045226130653265,69,756,10,44734,0.08363636363636363,0.8734177215189873,7357.500000000001,880.7599999999999,3780.0,4660.76
0.01855276381909548,69,721,10,44769,0.08734177215189873,0.8734177215189873,7357.500000000001,880.7599999999999,3605.0,4485.76
0.02106030150753769,69,597,10,44893,0.1036036036036036,0.8734177215189873,7357.500000000001,880.7599999999999,2985.0,3865.7599999999998
0.0235678391959799,69,554,10,44936,0.11075441412520064,0.8734177215189873,7357.500000000001,880.7599999999999,2770.0,3650.7599999999998
0.02607537688442211,69,489,10,45001,0.12365591397849462,0.8734177215189873,7357.500000000001,880.7599999999999,2445.0,3325.7599999999998
0.028582914572864323,69,414,10,45076,0.14285714285714285,0.8734177215189873,7357.500000000001,880.7599999999999,2070.0,2950.7599999999998
0.031090452261306533,69,384,10,45106,0.152317880794702,0.8734177215189873,7357.500000000001,880.7599999999999,1920.0,2800.7599999999998
0.03359798994974875,69,343,10,45147,0.16747572815533981,0.8734177215189873,7357.500000000001,880.7599999999999,1715.0,2595.7599999999998
0.03610552763819096,69,301,10,45189,0.1864864864864865,0.8734177215189873,7357.500000000001,880.7599999999999,1505.0,2385.7599999999998
0.03861306532663317,69,286,10,45204,0.19436619718309858,0.8734177215189873,7357.500000000001,880.7599999999999,1430.0,2310.7599999999998
0.04112060301507538,68,255,11,45235,0.21052631578947367,0.8607594936708861,6906.230000000001,1332.03,1275.0,2607.0299999999997
0.04362814070351759,68,235,11,45255,0.22442244224422442,0.8607594936708861,6906.230000000001,1332.03,1175.0,2507.0299999999997
0.0461356783919598,68,225,11,45265,0.23208191126279865,0.8607594936708861,6906.230000000001,1332.03,1125.0,2457.0299999999997
0.04864321608040201,68,208,11,45282,0.2463768115942029,0.8607594936708861,6906.230000000001,1332.03,1040.0,2372.0299999999997
0.05115075376884422,68,192,11,45298,0.26153846153846155,0.8607594936708861,6906.230000000001,1332.03,960.0,2292.0299999999997
0.053658291457286435,68,184,11,45306,0.2698412698412698,0.8607594936708861,6906.230000000001,1332.03,920.0,2252.0299999999997
0.056165829145728645,68,160,11,45330,0.2982456140350877,0.8607594936708861,6906.230000000001,1332.03,800.0,2132.0299999999997
0.058673366834170855,68,152,11,45338,0.3090909090909091,0.8607594936708861,6906.230000000001,1332.03,760.0,2092.0299999999997
0.061180904522613065,68,142,11,45348,0.3238095238095238,0.8607594936708861,6906.230000000001,1332.03,710.0,2042.03
0.06368844221105528,68,130,11,45360,0.3434343434343434,0.8607594936708861,6906.230000000001,1332.03,650.0,1982.03
0.06619597989949749,68,120,11,45370,0.3617021276595745,0.8607594936708861,6906.230000000001,1332.03,600.0,1932.03
0.0687035175879397,68,113,11,45377,0.3756906077348066,0.8607594936708861,6906.230000000001,1332.03,565.0,1897.03
0.07121105527638191,66,103,13,45387,0.3905325443786982,0.8354430379746836,6629.300000000001,1608.96,515.0,2123.96
0.07371859296482412,66,93,13,45397,0.41509433962264153,0.8354430379746836,6629.300000000001,1608.96,465.0,2073.96
0.07622613065326633,66,83,13,45407,0.4429530201342282,0.8354430379746836,6629.300000000001,1608.96,415.0,2023.96
0.07873366834170854,66,80,13,45410,0.4520547945205479,0.8354430379746836,6629.300000000001,1608.96,400.0,2008.96
0.08124120603015075,66,74,13,45416,0.4714285714285714,0.8354430379746836,6629.300000000001,1608.96,370.0,1978.96
0.08374874371859296,65,68,14,45422,0.48872180451127817,0.8227848101265823,6628.540000000001,1609.72,340.0,1949.72
0.08625628140703517,65,65,14,45425,0.5,0.8227848101265823,6628.540000000001,1609.72,325.0,1934.72
0.08876381909547738,65,59,14,45431,0.5241935483870968,0.8227848101265823,6628.540000000001,1609.72,295.0,1904.72
0.0912713567839196,64,52,15,45438,0.5517241379310345,0.810126582278481,6627.54,1610.7199999999998,260.0,1870.7199999999998
0.0937788944723618,64,51,15,45439,0.5565217391304348,0.810126582278481,6627.54,1610.7199999999998,255.0,1865.7199999999998
0.09628643216080401,64,44,15,45446,0.5925925925925926,0.810126582278481,6627.54,1610.7199999999998,220.0,1830.7199999999998
0.09879396984924622,64,44,15,45446,0.5925925925925926,0.810126582278481,6627.54,1610.7199999999998,220.0,1830.7199999999998
0.10130150753768843,64,43,15,45447,0.5981308411214953,0.810126582278481,6627.54,1610.7199999999998,215.0,1825.7199999999998
0.10380904522613066,64,41,15,45449,0.6095238095238096,0.810126582278481,6627.54,1610.7199999999998,205.0,1815.7199999999998
0.10631658291457287,64,41,15,45449,0.6095238095238096,0.810126582278481,6627.54,1610.7199999999998,205.0,1815.7199999999998
0.10882412060301508,64,40,15,45450,0.6153846153846154,0.810126582278481,6627.54,1610.7199999999998,200.0,1810.7199999999998
0.11133165829145729,64,39,15,45451,0.6213592233009708,0.810126582278481,6627.54,1610.7199999999998,195.0,1805.7199999999998
0.1138391959798995,64,37,15,45453,0.6336633663366337,0.810126582278481,6627.54,1610.7199999999998,185.0,1795.7199999999998
0.11634673366834171,64,37,15,45453,0.6336633663366337,0.810126582278481,6627.54,1610.7199999999998,185.0,1795.7199999999998
0.11885427135678392,64,36,15,45454,0.64,0.810126582278481,6627.54,1610.7199999999998,180.0,1790.7199999999998
0.12136180904522613,64,33,15,45457,0.6597938144329897,0.810126582278481,6627.54,1610.7199999999998,165.0,1775.7199999999998
0.12386934673366834,64,29,15,45461,0.6881720430107527,0.810126582278481,6627.54,1610.7199999999998,145.0,1755.7199999999998
0.12637688442211056,64,28,15,45462,0.6956521739130435,0.810126582278481,6627.54,1610.7199999999998,140.0,1750.7199999999998
0.12888442211055276,64,28,15,45462,0.6956521739130435,0.810126582278481,6627.54,1610.7199999999998,140.0,1750.7199999999998
0.13139195979899498,64,28,15,45462,0.6956521739130435,0.810126582278481,6627.54,1610.7199999999998,140.0,1750.7199999999998
0.13389949748743718,64,27,15,45463,0.7032967032967034,0.810126582278481,6627.54,1610.7199999999998,135.0,1745.7199999999998
0.1364070351758794,64,26,15,45464,0.7111111111111111,0.810126582278481,6627.54,1610.7199999999998,130.0,1740.7199999999998
0.1389145728643216,64,26,15,45464,0.7111111111111111,0.810126582278481,6627.54,1610.7199999999998,130.0,1740.7199999999998
0.14142211055276382,64,26,15,45464,0.7111111111111111,0.810126582278481,6627.54,1610.7199999999998,130.0,1740.7199999999998
0.14392964824120602,64,25,15,45465,0.7191011235955056,0.810126582278481,6627.54,1610.7199999999998,125.0,1735.7199999999998
0.14643718592964824,64,25,15,45465,0.7191011235955056,0.810126582278481,6627.54,1610.7199999999998,125.0,1735.7199999999998
0.14894472361809044,63,24,16,45466,0.7241379310344828,0.7974683544303798,6626.540000000001,1611.7199999999998,120.0,1731.7199999999998
0.15145226130653267,63,24,16,45466,0.7241379310344828,0.7974683544303798,6626.540000000001,1611.7199999999998,120.0,1731.7199999999998
0.15395979899497486,63,24,16,45466,0.7241379310344828,0.7974683544303798,6626.540000000001,1611.7199999999998,120.0,1731.7199999999998
0.15646733668341709,63,24,16,45466,0.7241379310344828,0.7974683544303798,6626.540000000001,1611.7199999999998,120.0,1731.7199999999998
0.15897487437185928,63,24,16,45466,0.7241379310344828,0.7974683544303798,6626.540000000001,1611.7199999999998,120.0,1731.7199999999998
0.1614824120603015,63,24,16,45466,0.7241379310344828,0.7974683544303798,6626.540000000001,1611.7199999999998,120.0,1731.7199999999998
0.16398994974874373,63,24,16,45466,0.7241379310344828,0.7974683544303798,6626.540000000001,1611.7199999999998,120.0,1731.7199999999998
0.16649748743718593,63,23,16,45467,0.7325581395348837,0.7974683544303798,6626.540000000001,1611.7199999999998,115.0,1726.7199999999998
0.16900502512562815,63,23,16,45467,0.7325581395348837,0.7974683544303798,6626.540000000001,1611.7199999999998,115.0,1726.7199999999998
0.17151256281407035,63,22,16,45468,0.7411764705882353,0.7974683544303798,6626.540000000001,1611.7199999999998,110.0,1721.7199999999998
0.17402010050251257,63,22,16,45468,0.7411764705882353,0.7974683544303798,6626.540000000001,1611.7199999999998,110.0,1721.7199999999998
0.17652763819095477,63,21,16,45469,0.75,0.7974683544303798,6626.540000000001,1611.7199999999998,105.0,1716.7199999999998
0.179035175879397,63,20,16,45470,0.7590361445783133,0.7974683544303798,6626.540000000001,1611.7199999999998,100.0,1711.7199999999998
0.1815427135678392,63,20,16,45470,0.7590361445783133,0.7974683544303798,6626.540000000001,1611.7199999999998,100.0,1711.7199999999998
0.1840502512562814,63,19,16,45471,0.7682926829268293,0.7974683544303798,6626.540000000001,1611.7199999999998,95.0,1706.7199999999998
0.1865577889447236,63,19,16,45471,0.7682926829268293,0.7974683544303798,6626.540000000001,1611.7199999999998,95.0,1706.7199999999998
0.18906532663316583,63,18,16,45472,0.7777777777777778,0.7974683544303798,6626.540000000001,1611.7199999999998,90.0,1701.7199999999998
0.19157286432160803,63,18,16,45472,0.7777777777777778,0.7974683544303798,6626.540000000001,1611.7199999999998,90.0,1701.7199999999998
0.19408040201005025,63,18,16,45472,0.7777777777777778,0.7974683544303798,6626.540000000001,1611.7199999999998,90.0,1701.7199999999998
0.19658793969849245,63,18,16,45472,0.7777777777777778,0.7974683544303798,6626.540000000001,1611.7199999999998,90.0,1701.7199999999998
0.19909547738693467,63,17,16,45473,0.7875,0.7974683544303798,6626.540000000001,1611.7199999999998,85.0,1696.7199999999998
0.20160301507537687,63,17,16,45473,0.7875,0.7974683544303798,6626.540000000001,1611.7199999999998,85.0,1696.7199999999998
0.2041105527638191,63,17,16,45473,0.7875,0.7974683544303798,6626.540000000001,1611.7199999999998,85.0,1696.7199999999998
0.20661809045226132,63,17,16,45473,0.7875,0.7974683544303798,6626.540000000001,1611.7199999999998,85.0,1696.7199999999998
0.2091256281407035,63,17,16,45473,0.7875,0.7974683544303798,6626.540000000001,1611.7199999999998,85.0,1696.7199999999998
0.21163316582914574,63,16,16,45474,0.7974683544303798,0.7974683544303798,6626.540000000001,1611.7199999999998,80.0,1691.7199999999998
0.21414070351758793,62,16,17,45474,0.7948717948717948,0.7848101265822784,6625.540000000001,1612.72,80.0,1692.72
0.21664824120603016,62,16,17,45474,0.7948717948717948,0.7848101265822784,6625.540000000001,1612.72,80.0,1692.72
0.21915577889447235,62,16,17,45474,0.7948717948717948,0.7848101265822784,6625.540000000001,1612.72,80.0,1692.72
0.22166331658291458,62,16,17,45474,0.7948717948717948,0.7848101265822784,6625.540000000001,1612.72,80.0,1692.72
0.22417085427135677,62,15,17,45475,0.8051948051948052,0.7848101265822784,6625.540000000001,1612.72,75.0,1687.72
0.226678391959799,62,15,17,45475,0.8051948051948052,0.7848101265822784,6625.540000000001,1612.72,75.0,1687.72
0.2291859296482412,62,15,17,45475,0.8051948051948052,0.7848101265822784,6625.540000000001,1612.72,75.0,1687.72
0.23169346733668342,62,15,17,45475,0.8051948051948052,0.7848101265822784,6625.540000000001,1612.72,75.0,1687.72
0.2342010050251256,62,14,17,45476,0.8157894736842105,0.7848101265822784,6625.540000000001,1612.72,70.0,1682.72
0.23670854271356784,62,14,17,45476,0.8157894736842105,0.7848101265822784,6625.540000000001,1612.72,70.0,1682.72
0.23921608040201003,62,14,17,45476,0.8157894736842105,0.7848101265822784,6625.540000000001,1612.72,70.0,1682.72
0.24172361809045226,62,14,17,45476,0.8157894736842105,0.7848101265822784,6625.540000000001,1612.72,70.0,1682.72
0.24423115577889448,62,14,17,45476,0.8157894736842105,0.7848101265822784,6625.540000000001,1612.72,70.0,1682.72
0.24673869346733668,62,14,17,45476,0.8157894736842105,0.7848101265822784,6625.540000000001,1612.72,70.0,1682.72
0.2492462311557789,62,14,17,45476,0.8157894736842105,0.7848101265822784,6625.540000000001,1612.72,70.0,1682.72
0.2517537688442211,62,13,17,45477,0.8266666666666667,0.7848101265822784,6625.540000000001,1612.72,65.0,1677.72
0.2542613065326633,62,13,17,45477,0.8266666666666667,0.7848101265822784,6625.540000000001,1612.72,65.0,1677.72
0.2567688442211055,62,13,17,45477,0.8266666666666667,0.7848101265822784,6625.540000000001,1612.72,65.0,1677.72
0.2592763819095477,62,13,17,45477,0.8266666666666667,0.7848101265822784,6625.540000000001,1612.72,65.0,1677.72
0.26178391959798997,62,13,17,45477,0.8266666666666667,0.7848101265822784,6625.540000000001,1612.72,65.0,1677.72
0.26429145728643216,62,12,17,45478,0.8378378378378378,0.7848101265822784,6625.540000000001,1612.72,60.0,1672.72
0.26679899497487436,62,12,17,45478,0.8378378378378378,0.7848101265822784,6625.540000000001,1612.72,60.0,1672.72
0.26930653266331656,62,12,17,45478,0.8378378378378378,0.7848101265822784,6625.540000000001,1612.72,60.0,1672.72
0.2718140703517588,62,12,17,45478,0.8378378378378378,0.7848101265822784,6625.540000000001,1612.72,60.0,1672.72
0.274321608040201,62,12,17,45478,0.8378378378378378,0.7848101265822784,6625.540000000001,1612.72,60.0,1672.72
0.2768291457286432,62,12,17,45478,0.8378378378378378,0.7848101265822784,6625.540000000001,1612.72,60.0,1672.72
0.2793366834170854,62,12,17,45478,0.8378378378378378,0.7848101265822784,6625.540000000001,1612.72,60.0,1672.72
0.28184422110552765,62,12,17,45478,0.8378378378378378,0.7848101265822784,6625.540000000001,1612.72,60.0,1672.72
0.28435175879396984,62,12,17,45478,0.8378378378378378,0.7848101265822784,6625.540000000001,1612.72,60.0,1672.72
0.28685929648241204,62,11,17,45479,0.8493150684931506,0.7848101265822784,6625.540000000001,1612.72,55.0,1667.72
0.2893668341708543,62,11,17,45479,0.8493150684931506,0.7848101265822784,6625.540000000001,1612.72,55.0,1667.72
0.2918743718592965,62,11,17,45479,0.8493150684931506,0.7848101265822784,6625.540000000001,1612.72,55.0,1667.72
0.2943819095477387,62,10,17,45480,0.8611111111111112,0.7848101265822784,6625.540000000001,1612.72,50.0,1662.72
0.2968894472361809,62,10,17,45480,0.8611111111111112,0.7848101265822784,6625.540000000001,1612.72,50.0,1662.72
0.29939698492462313,62,10,17,45480,0.8611111111111112,0.7848101265822784,6625.540000000001,1612.72,50.0,1662.72
0.30190452261306533,62,10,17,45480,0.8611111111111112,0.7848101265822784,6625.540000000001,1612.72,50.0,1662.72
0.3044120603015075,62,10,17,45480,0.8611111111111112,0.7848101265822784,6625.540000000001,1612.72,50.0,1662.72
0.3069195979899497,62,10,17,45480,0.8611111111111112,0.7848101265822784,6625.540000000001,1612.72,50.0,1662.72
0.309427135678392,62,10,17,45480,0.8611111111111112,0.7848101265822784,6625.540000000001,1612.72,50.0,1662.72
0.31193467336683417,62,10,17,45480,0.8611111111111112,0.7848101265822784,6625.540000000001,1612.72,50.0,1662.72
0.31444221105527637,62,10,17,45480,0.8611111111111112,0.7848101265822784,6625.540000000001,1612.72,50.0,1662.72
0.31694974874371856,62,10,17,45480,0.8611111111111112,0.7848101265822784,6625.540000000001,1612.72,50.0,1662.72
0.3194572864321608,62,10,17,45480,0.8611111111111112,0.7848101265822784,6625.540000000001,1612.72,50.0,1662.72
0.321964824120603,62,10,17,45480,0.8611111111111112,0.7848101265822784,6625.540000000001,1612.72,50.0,1662.72
0.3244723618090452,62,10,17,45480,0.8611111111111112,0.7848101265822784,6625.540000000001,1612.72,50.0,1662.72
0.32697989949748746,62,10,17,45480,0.8611111111111112,0.7848101265822784,6625.540000000001,1612.72,50.0,1662.72
0.32948743718592965,62,10,17,45480,0.8611111111111112,0.7848101265822784,6625.540000000001,1612.72,50.0,1662.72
0.33199497487437185,62,10,17,45480,0.8611111111111112,0.7848101265822784,6625.540000000001,1612.72,50.0,1662.72
0.33450251256281405,62,10,17,45480,0.8611111111111112,0.7848101265822784,6625.540000000001,1612.72,50.0,1662.72
0.3370100502512563,62,10,17,45480,0.8611111111111112,0.7848101265822784,6625.540000000001,1612.72,50.0,1662.72
0.3395175879396985,62,10,17,45480,0.8611111111111112,0.7848101265822784,6625.540000000001,1612.72,50.0,1662.72
0.3420251256281407,62,10,17,45480,0.8611111111111112,0.7848101265822784,6625.540000000001,1612.72,50.0,1662.72
0.3445326633165829,62,10,17,45480,0.8611111111111112,0.7848101265822784,6625.540000000001,1612.72,50.0,1662.72
0.34704020100502514,62,10,17,45480,0.8611111111111112,0.7848101265822784,6625.540000000001,1612.72,50.0,1662.72
0.34954773869346734,62,10,17,45480,0.8611111111111112,0.7848101265822784,6625.540000000001,1612.72,50.0,1662.72
0.35205527638190953,62,10,17,45480,0.8611111111111112,0.7848101265822784,6625.540000000001,1612.72,50.0,1662.72
0.35456281407035173,62,10,17,45480,0.8611111111111112,0.7848101265822784,6625.540000000001,1612.72,50.0,1662.72
0.357070351758794,62,10,17,45480,0.8611111111111112,0.7848101265822784,6625.540000000001,1612.72,50.0,1662.72
0.3595778894472362,61,10,18,45480,0.8591549295774648,0.7721518987341772,6625.540000000001,1612.72,50.0,1662.72
0.3620854271356784,61,10,18,45480,0.8591549295774648,0.7721518987341772,6625.540000000001,1612.72,50.0,1662.72
0.3645929648241206,61,8,18,45482,0.8840579710144928,0.7721518987341772,6625.540000000001,1612.72,40.0,1652.72
0.3671005025125628,61,8,18,45482,0.8840579710144928,0.7721518987341772,6625.540000000001,1612.72,40.0,1652.72
0.369608040201005,61,8,18,45482,0.8840579710144928,0.7721518987341772,6625.540000000001,1612.72,40.0,1652.72
0.3721155778894472,61,8,18,45482,0.8840579710144928,0.7721518987341772,6625.540000000001,1612.72,40.0,1652.72
0.37462311557788947,60,8,19,45482,0.8823529411764706,0.759493670886076,6625.540000000001,1612.72,40.0,1652.72
0.37713065326633166,60,8,19,45482,0.8823529411764706,0.759493670886076,6625.540000000001,1612.72,40.0,1652.72
0.37963819095477386,60,8,19,45482,0.8823529411764706,0.759493670886076,6625.540000000001,1612.72,40.0,1652.72
0.38214572864321605,60,8,19,45482,0.8823529411764706,0.759493670886076,6625.540000000001,1612.72,40.0,1652.72
0.3846532663316583,60,8,19,45482,0.8823529411764706,0.759493670886076,6625.540000000001,1612.72,40.0,1652.72
0.3871608040201005,60,8,19,45482,0.8823529411764706,0.759493670886076,6625.540000000001,1612.72,40.0,1652.72
0.3896683417085427,60,8,19,45482,0.8823529411764706,0.759493670886076,6625.540000000001,1612.72,40.0,1652.72
0.3921758793969849,60,8,19,45482,0.8823529411764706,0.759493670886076,6625.540000000001,1612.72,40.0,1652.72
0.39468341708542715,60,8,19,45482,0.8823529411764706,0.759493670886076,6625.540000000001,1612.72,40.0,1652.72
0.39719095477386934,60,8,19,45482,0.8823529411764706,0.759493670886076,6625.540000000001,1612.72,40.0,1652.72
0.39969849246231154,60,8,19,45482,0.8823529411764706,0.759493670886076,6625.540000000001,1612.72,40.0,1652.72
0.40220603015075373,60,8,19,45482,0.8823529411764706,0.759493670886076,6625.540000000001,1612.72,40.0,1652.72
0.404713567839196,60,8,19,45482,0.8823529411764706,0.759493670886076,6625.540000000001,1612.72,40.0,1652.72
0.4072211055276382,60,8,19,45482,0.8823529411764706,0.759493670886076,6625.540000000001,1612.72,40.0,1652.72
0.4097286432160804,59,8,20,45482,0.8805970149253731,0.7468354430379747,6613.2300000000005,1625.03,40.0,1665.03
0.41223618090452263,59,8,20,45482,0.8805970149253731,0.7468354430379747,6613.2300000000005,1625.03,40.0,1665.03
0.4147437185929648,59,8,20,45482,0.8805970149253731,0.7468354430379747,6613.2300000000005,1625.03,40.0,1665.03
0.417251256281407,59,8,20,45482,0.8805970149253731,0.7468354430379747,6613.2300000000005,1625.03,40.0,1665.03
0.4197587939698492,59,8,20,45482,0.8805970149253731,0.7468354430379747,6613.2300000000005,1625.03,40.0,1665.03
0.42226633165829147,59,8,20,45482,0.8805970149253731,0.7468354430379747,6613.2300000000005,1625.03,40.0,1665.03
0.42477386934673367,59,8,20,45482,0.8805970149253731,0.7468354430379747,6613.2300000000005,1625.03,40.0,1665.03
0.42728140703517586,59,8,20,45482,0.8805970149253731,0.7468354430379747,6613.2300000000005,1625.03,40.0,1665.03
0.42978894472361806,59,8,20,45482,0.8805970149253731,0.7468354430379747,6613.2300000000005,1625.03,40.0,1665.03
0.4322964824120603,59,8,20,45482,0.8805970149253731,0.7468354430379747,6613.2300000000005,1625.03,40.0,1665.03
0.4348040201005025,59,8,20,45482,0.8805970149253731,0.7468354430379747,6613.2300000000005,1625.03,40.0,1665.03
0.4373115577889447,59,8,20,45482,0.8805970149253731,0.7468354430379747,6613.2300000000005,1625.03,40.0,1665.03
0.4398190954773869,59,8,20,45482,0.8805970149253731,0.7468354430379747,6613.2300000000005,1625.03,40.0,1665.03
0.44232663316582915,59,8,20,45482,0.8805970149253731,0.7468354430379747,6613.2300000000005,1625.03,40.0,1665.03
0.44483417085427135,59,8,20,45482,0.8805970149253731,0.7468354430379747,6613.2300000000005,1625.03,40.0,1665.03
0.44734170854271355,59,8,20,45482,0.8805970149253731,0.7468354430379747,6613.2300000000005,1625.03,40.0,1665.03
0.4498492462311558,59,8,20,45482,0.8805970149253731,0.7468354430379747,6613.2300000000005,1625.03,40.0,1665.03
0.452356783919598,59,8,20,45482,0.8805970149253731,0.7468354430379747,6613.2300000000005,1625.03,40.0,1665.03
0.4548643216080402,59,8,20,45482,0.8805970149253731,0.7468354430379747,6613.2300000000005,1625.03,40.0,1665.03
0.4573718592964824,59,8,20,45482,0.8805970149253731,0.7468354430379747,6613.2300000000005,1625.03,40.0,1665.03
0.45987939698492464,59,8,20,45482,0.8805970149253731,0.7468354430379747,6613.2300000000005,1625.03,40.0,1665.03
0.46238693467336683,59,8,20,45482,0.8805970149253731,0.7468354430379747,6613.2300000000005,1625.03,40.0,1665.03
0.46489447236180903,59,8,20,45482,0.8805970149253731,0.7468354430379747,6613.2300000000005,1625.03,40.0,1665.03
0.4674020100502512,59,8,20,45482,0.8805970149253731,0.7468354430379747,6613.2300000000005,1625.03,40.0,1665.03
0.4699095477386935,59,8,20,45482,0.8805970149253731,0.7468354430379747,6613.2300000000005,1625.03,40.0,1665.03
0.4724170854271357,59,8,20,45482,0.8805970149253731,0.7468354430379747,6613.2300000000005,1625.03,40.0,1665.03
0.47492462311557787,59,8,20,45482,0.8805970149253731,0.7468354430379747,6613.2300000000005,1625.03,40.0,1665.03
0.47743216080402007,59,8,20,45482,0.8805970149253731,0.7468354430379747,6613.2300000000005,1625.03,40.0,1665.03
0.4799396984924623,58,8,21,45482,0.8787878787878788,0.7341772151898734,6612.470000000001,1625.7900000000002,40.0,1665.7900000000002
0.4824472361809045,58,8,21,45482,0.8787878787878788,0.7341772151898734,6612.470000000001,1625.7900000000002,40.0,1665.7900000000002
0.4849547738693467,58,8,21,45482,0.8787878787878788,0.7341772151898734,6612.470000000001,1625.7900000000002,40.0,1665.7900000000002
0.48746231155778896,58,8,21,45482,0.8787878787878788,0.7341772151898734,6612.470000000001,1625.7900000000002,40.0,1665.7900000000002
0.48996984924623116,58,8,21,45482,0.8787878787878788,0.7341772151898734,6612.470000000001,1625.7900000000002,40.0,1665.7900000000002
0.49247738693467336,58,8,21,45482,0.8787878787878788,0.7341772151898734,6612.470000000001,1625.7900000000002,40.0,1665.7900000000002
0.49498492462311555,58,8,21,45482,0.8787878787878788,0.7341772151898734,6612.470000000001,1625.7900000000002,40.0,1665.7900000000002
0.4974924623115578,58,8,21,45482,0.8787878787878788,0.7341772151898734,6612.470000000001,1625.7900000000002,40.0,1665.7900000000002
0.5,58,8,21,45482,0.8787878787878788,0.7341772151898734,6612.470000000001,1625.7900000000002,40.0,1665.7900000000002
